Danh mục,Thương hiệu,Tên sản phẩm,Phân loại,Giá bán,Giá cũ,Tồn kho,Link ảnh
Skincare,Estee Lauder,Serum Phục Hồi Advanced Night Repair,30ml,1500000,1800000,15,https://down-vn.img.susercontent.com/file/vn-11134207-81ztc-mld5o6t755vl5c.webp
Skincare,La Roche Posay,Serum Hyalu B5,30ml,950000,1200000,18,https://down-vn.img.susercontent.com/file/vn-11134207-81ztc-mma9ym8bl6o84a.webp
Skincare,Vichy,Serum Mineral 89,50ml,1100000,1300000,14,https://down-vn.img.susercontent.com/file/sg-11134253-821cz-mh6vpv6viyvib4.webp
Skincare,Kiehl's,Serum Clearly Corrective Dark Spot,30ml,1700000,2000000,10,https://down-vn.img.susercontent.com/file/sg-11134201-7rdvw-mcddh8cgerq867.webp
Skincare,The Ordinary,Serum Niacinamide 10% + Zinc 1%,30ml,350000,450000,40,https://down-vn.img.susercontent.com/file/sg-11134253-824jk-meiu1kg4kp3579@resize_w900_nl.webp
Skincare,The Ordinary,Serum Hyaluronic Acid 2% + B5,30ml,380000,480000,35,https://down-vn.img.susercontent.com/file/a387cb31d169c6f9f0a3e447cc8f2565@resize_w900_nl.webp
Skincare,The Ordinary,Serum Retinol 0.5%,30ml,420000,520000,22,https://down-vn.img.susercontent.com/file/sg-11134253-821do-mgh00g60bgg955.webp
Skincare,CeraVe,Sữa Rửa Mặt Foaming Cleanser,236ml,390000,500000,30,https://down-vn.img.susercontent.com/file/sg-11134201-820mc-mns7pzv3glj829.webp
Skincare,CeraVe,Sữa Rửa Mặt Hydrating Cleanser,236ml,390000,500000,28,https://down-vn.img.susercontent.com/file/sg-11134201-820np-mns7q01mtkp272@resize_w900_nl.webp
Skincare,CeraVe,Kem Dưỡng Ẩm Moisturizing Cream,340g,480000,600000,16,https://down-vn.img.susercontent.com/file/sg-11134253-7ratz-ma23edjeyrvm0d@resize_w900_nl.webp
Skincare,Cetaphil,Sữa Rửa Mặt Gentle Skin Cleanser,500ml,420000,520000,32,https://down-vn.img.susercontent.com/file/vn-11134207-7ra0g-m8ucd6at9idgd5@resize_w900_nl.webp
Skincare,Cetaphil,Kem Dưỡng Moisturizing Lotion,500ml,450000,560000,20,https://down-vn.img.susercontent.com/file/vn-11134258-81ztc-mmpn5o534ft15b
Skincare,Bioderma,Nước Tẩy Trang Sensibio H2O,500ml,420000,500000,26,https://down-vn.img.susercontent.com/file/sg-11134253-81zwu-miukevp2shz505.webp
Skincare,Bioderma,Nước Tẩy Trang Sebium H2O,500ml,420000,500000,21,https://down-vn.img.susercontent.com/file/sg-11134253-81zvr-miuiav2b8zcw23@resize_w900_nl.webp
Skincare,SVR,Kem Chống Nắng Sun Secure,SPF50+,520000,650000,14,https://down-vn.img.susercontent.com/file/vn-11134258-81ztc-mmpn5o534ft15b
Skincare,Anessa,Kem Chống Nắng Perfect UV Milk,60ml,720000,850000,19,https://down-vn.img.susercontent.com/file/sg-11134253-820li-mnafuir58c1x35.webp
Skincare,Skin1004,Tinh Chất Madagascar Centella,100ml,520000,620000,30,https://down-vn.img.susercontent.com/file/c5f9103e2c475769af283cee05ae2318.webp
Skincare,Skin1004,Kem Chống Nắng Hyalu-Cica,50ml,360000,450000,25,https://down-vn.img.susercontent.com/file/vn-11134207-81ztc-mln4x9cjg83o64.webp
Skincare,Laneige,Mặt Nạ Ngủ Water Sleeping Mask,70ml,680000,820000,17,https://down-vn.img.susercontent.com/file/7ac77398657276db35f9e3a5609c96f0.webp
Skincare,Laneige,Kem Dưỡng Water Bank Blue HA,50ml,850000,1000000,15,https://down-vn.img.susercontent.com/file/vn-11134207-7ras8-m1wmib5ox177ec.webp
Skincare,Innisfree,Serum Green Tea Seed,80ml,620000,760000,20,https://down-vn.img.susercontent.com/file/vn-11134201-7ra0g-m8tu2w5qmgck18.webp
Skincare,Innisfree,Sữa Rửa Mặt Green Tea,150ml,250000,320000,35,https://down-vn.img.susercontent.com/file/sg-11134253-8262a-mlmjlsx1y2v625.webp
Skincare,Some By Mi,Serum AHA BHA PHA,50ml,420000,520000,28,https://down-vn.img.susercontent.com/file/vn-11134207-7r98o-lxrt1rsq13o96d.webp
Skincare,Some By Mi,Toner Miracle,150ml,380000,480000,18,https://down-vn.img.susercontent.com/file/sg-11134207-820n7-mnxvdwnofcaw9e.webp
Makeup,Merzy,Son Tint Merzy Mịn Lì , Bền Màu,FT1|FT2,174000,0,2000,